<?xml version="1.0" encoding="UTF-8"?>
<project-private xmlns="http://www.netbeans.org/ns/project-private/1">
    <editor-bookmarks xmlns="http://www.netbeans.org/ns/editor-bookmarks/2" lastBookmarkId="0"/>
    <open-files xmlns="http://www.netbeans.org/ns/projectui-open-files/2">
        <group>
            <file>file:/E:/pdf%20book/3.1%20TERM%20CLASS%20NOTE/BloodManagementSystem/BloodManagementSystem37/src/bloodmanagementsystem/Main.java</file>
            <file>file:/E:/pdf%20book/3.1%20TERM%20CLASS%20NOTE/BloodManagementSystem/BloodManagementSystem37/src/bloodmanagementsystem/Request.java</file>
            <file>file:/E:/pdf%20book/3.1%20TERM%20CLASS%20NOTE/BloodManagementSystem/BloodManagementSystem37/src/bloodmanagementsystem/LoginForm.java</file>
            <file>file:/E:/pdf%20book/3.1%20TERM%20CLASS%20NOTE/BloodManagementSystem/BloodManagementSystem37/src/bloodmanagementsystem/Home.java</file>
            <file>file:/E:/pdf%20book/3.1%20TERM%20CLASS%20NOTE/BloodManagementSystem/BloodManagementSystem37/src/bloodmanagementsystem/Donor.java</file>
        </group>
    </open-files>
</project-private>
